,risk0,risk1,risk2,risk3,risk4,risk5,risk6
alpha,12.460844661463913,13.080720217170954,5.920097688217818,7.753821073343103,12.154519086468976,15.187672137580272,9.693243420857238
colsample_bytree,0.3204478512971254,0.7076349512690682,0.38341195878562184,0.4608225227235129,0.8570291112612751,0.8832973770910795,0.4821762848028379
gamma,0.4169213302346835,1.0,0.8877521194470833,0.7675998763853853,0.20005484387295602,0.14245618742075938,0.1611192253467031
max_depth,3,1,3,1,3,1,1
n_estimators,934,882,526,762,410,478,913
subsample,0.8,0.8,0.8,0.8,0.8,0.8,0.8
objective,reg:squarederror,reg:squarederror,reg:squarederror,reg:squarederror,reg:squarederror,reg:squarederror,reg:squarederror
