,risk0,risk1,risk2,risk3,risk4,risk5,risk6
alpha,20.0,9.23904451238161,9.785299338867414,12.471391200643131,15.729827184320248,5.166255258956345,6.60153990724575
colsample_bytree,0.3,0.6729732021314017,0.9,0.3,0.7983026006201641,0.5964385186176229,0.5198334908445289
gamma,0.0,1.0,1.0,1.0,0.026171249246760175,0.9446855288305283,0.19920497769585288
max_depth,4,1,1,1,5,1,4
n_estimators,676,668,841,638,354,944,858
subsample,0.8,0.8,0.8,0.8,0.8,0.8,0.8
objective,reg:squarederror,reg:squarederror,reg:squarederror,reg:squarederror,reg:squarederror,reg:squarederror,reg:squarederror
